id,title,gherkin,effort,time
1,Exportar reporte de ventas a PDF,"Feature: Exportar reporte de ventas\nScenario: El administrador exporta un reporte en PDF\nGiven estoy en la página de ""Reportes""\nWhen selecciono el rango de fechas ""mes actual""\nAnd hago clic en el botón ""Exportar a PDF""\nThen el sistema debe descargar un archivo PDF llamado ""reporte_ventas.pdf""",8,12
2,Carga de avatar de perfil a S3,"Feature: Carga de avatar de perfil\nScenario: El usuario sube una imagen válida\nGiven el usuario está en su página de ""Perfil""\nWhen selecciona un archivo de imagen ""avatar.jpg"" (menor a 2MB)\nAnd hace clic en ""Subir""\nThen la imagen de perfil se actualiza",13,20
3,Login de usuario con API externa,"Feature: Autenticación de usuario\nScenario: Usuario se loguea con credenciales válidas\nGiven el usuario está en la página de Login\nWhen ingresa su email y contraseña\nAnd hace clic en ""Ingresar""\nThen es redirigido al Dashboard",5,8
4,Implementar paginación en lista de productos,"Feature: Lista de productos\nScenario: Usuario navega a la segunda página\nGiven estoy en la lista de productos\nWhen hago clic en el número de página ""2""\nThen veo los productos del 21 al 40",3,5
5,Procesar pago con tarjeta de crédito,"Feature: Checkout\nScenario: Usuario realiza un pago exitoso\nGiven el usuario está en la página de pago\nWhen ingresa los detalles de su tarjeta y hace clic en ""Pagar""\nThen ve un mensaje de ""Pago exitoso""",21,35
6,Filtrar productos por categoría,"Feature: Lista de productos\nScenario: Usuario filtra por categoría ""Electrónica""\nGiven estoy en la lista de productos\nWhen selecciono el filtro de categoría ""Electrónica""\nThen solo veo productos de esa categoría",5,6
7,Añadir producto al carrito,"Feature: Detalle de producto\nScenario: Usuario añade un producto al carrito\nGiven estoy en la página de un producto\nWhen hago clic en ""Añadir al carrito""\nThen el contador del carrito se incrementa en 1",2,3
8,Registro de nuevo usuario,"Feature: Registro\nScenario: Un visitante se registra con datos válidos\nGiven estoy en la página de registro\nWhen completo el formulario con datos válidos y hago clic en ""Registrar""\nThen soy redirigido a mi nuevo Dashboard",8,10
9,Exportar datos de usuario a CSV,"Feature: Perfil de administrador\nScenario: Admin exporta usuarios\nGiven soy un administrador en el panel de usuarios\nWhen hago clic en ""Exportar a CSV""\nThen se descarga un archivo ""usuarios.csv""",5,9
10,Integración con API de mapas para geolocalización,Feature: Búsqueda de tiendas\nScenario: Usuario ve tiendas cercanas en un mapa\nGiven estoy en la página de búsqueda de tiendas\nWhen el sistema obtiene mi ubicación\nThen veo un mapa con pines de las tiendas cercanas,13,22
11,Recuperación de contraseña,"Feature: Autenticación\nScenario: Usuario solicita restablecer su contraseña\nGiven estoy en la página de login\nWhen hago clic en ""Olvidé mi contraseña"" e ingreso mi email\nThen recibo un correo con un enlace de restablecimiento",8,12
12,Agregar comentarios a un producto,"Feature: Detalle de producto\nScenario: Usuario agrega un comentario\nGiven estoy en la página de un producto\nWhen escribo un comentario y hago clic en ""Enviar""\nThen el comentario aparece en la lista de comentarios",5,7
13,Notificaciones push para nuevos pedidos,Feature: Notificaciones\nScenario: Admin recibe notificación de nuevo pedido\nGiven un usuario realiza un pedido\nWhen el pedido se confirma\nThen el administrador recibe una notificación push,13,20
14,Filtrar reportes por fecha,Feature: Reportes\nScenario: Admin filtra reportes por rango de fechas\nGiven estoy en la página de reportes\nWhen selecciono un rango de fechas personalizado\nThen veo solo los datos del rango seleccionado,5,8
15,Eliminar producto del carrito,"Feature: Carrito\nScenario: Usuario elimina un producto del carrito\nGiven estoy en la página del carrito\nWhen hago clic en ""Eliminar"" en un producto\nThen el producto desaparece del carrito y el total se actualiza",3,5
16,Editar perfil de usuario,Feature: Perfil\nScenario: Usuario edita sus datos personales\nGiven estoy en mi página de perfil\nWhen modifico mi nombre y guardo cambios\nThen los cambios se reflejan en el perfil,5,8
17,Ver historial de pedidos,"Feature: Dashboard de usuario\nScenario: Usuario ve sus pedidos anteriores\nGiven estoy en mi dashboard\nWhen navego a ""Historial de pedidos""\nThen veo la lista de pedidos con detalles",8,12
18,Aplicar cupón de descuento,Feature: Checkout\nScenario: Usuario aplica un cupón válido\nGiven estoy en el checkout\nWhen ingreso el código del cupón\nThen el total se actualiza con el descuento,5,7
19,Gestionar inventario de productos,Feature: Panel admin\nScenario: Admin actualiza stock de producto\nGiven soy admin en panel de productos\nWhen modifico el stock de un producto\nThen el stock se actualiza en la BD,8,10
20,Búsqueda de productos por nombre,"Feature: Lista de productos\nScenario: Usuario busca un producto\nGiven estoy en la lista de productos\nWhen ingreso ""laptop"" en la barra de búsqueda\nThen veo productos que coincidan",5,6
21,Enviar email de confirmación de pedido,Feature: Checkout\nScenario: Usuario recibe email post-pago\nGiven el pago es exitoso\nWhen el sistema procesa el pedido\nThen se envía email de confirmación,8,12
22,Asignar rol de administrador a usuario,"Feature: Gestión de usuarios\nScenario: Admin asigna rol a usuario\nGiven soy admin en panel de usuarios\nWhen asigno rol ""admin"" a un usuario\nThen el usuario gana permisos de admin",8,10
23,Generar reporte de inventario,"Feature: Reportes admin\nScenario: Admin genera reporte de stock\nGiven estoy en reportes\nWhen selecciono ""Reporte de inventario""\nThen se descarga archivo con stock actual",5,9
24,Integración con Stripe para pagos,Feature: Pagos\nScenario: Usuario paga con Stripe\nGiven estoy en checkout\nWhen selecciono Stripe y pago\nThen el pago es procesado y confirmado,13,20
25,Validación de edad para compras,Feature: Checkout\nScenario: Usuario menor de edad no compra\nGiven usuario ingresa fecha de nacimiento\nWhen es menor de 18\nThen se bloquea el checkout,5,7
26,Actualizar contraseña de usuario,"Feature: Perfil\nScenario: Usuario cambia contraseña\nGiven en perfil, sección seguridad\nWhen ingresa nueva contraseña y confirma\nThen contraseña se actualiza",5,8
27,Paginación en lista de usuarios admin,Feature: Panel admin\nScenario: Admin navega páginas de usuarios\nGiven en panel de usuarios\nWhen clico página 2\nThen veo usuarios 11-20,3,5
28,Subir múltiples imágenes para producto,Feature: Admin productos\nScenario: Admin sube galería de imágenes\nGiven en edición de producto\nWhen subo varias imágenes válidas\nThen las imágenes se asocian al producto,8,12
29,Notificación de stock bajo,Feature: Inventario\nScenario: Admin recibe alerta de stock bajo\nGiven el stock de un producto cae por debajo de 5\nWhen el sistema detecta el cambio\nThen se envía una notificación al admin,8,10
30,Filtrar usuarios por rol,"Feature: Panel admin\nScenario: Admin filtra usuarios por rol\nGiven en panel de usuarios\nWhen selecciono filtro ""admin""\nThen veo solo usuarios con rol admin",5,6
31,Integración con PayPal para pagos,Feature: Pagos\nScenario: Usuario paga con PayPal\nGiven estoy en checkout\nWhen selecciono PayPal y completo pago\nThen el pago es confirmado,13,20
32,Reseñas de productos,Feature: Detalle de producto\nScenario: Usuario deja una reseña\nGiven estoy en página de producto\nWhen envío reseña con calificación\nThen la reseña aparece en la página,5,7
33,Exportar pedidos a Excel,"Feature: Reportes\nScenario: Admin exporta pedidos\nGiven en panel de reportes\nWhen clico ""Exportar a Excel""\nThen se descarga archivo ""pedidos.xlsx""",8,12
34,Autenticación con Google,"Feature: Autenticación\nScenario: Usuario inicia sesión con Google\nGiven en página de login\nWhen selecciono ""Iniciar con Google""\nThen se autentica y redirige al dashboard",13,18
35,Ver detalles de un pedido,Feature: Dashboard usuario\nScenario: Usuario ve detalles de pedido\nGiven en historial de pedidos\nWhen clico en un pedido\nThen veo detalles completos del pedido,3,5
36,Agregar producto a lista de deseos,"Feature: Lista de deseos\nScenario: Usuario agrega producto\nGiven en página de producto\nWhen clico ""Añadir a lista de deseos""\nThen el producto aparece en mi lista",3,4
37,Notificaciones por email de nuevos productos,Feature: Notificaciones\nScenario: Usuario recibe email de nuevos productos\nGiven estoy suscrito a notificaciones\nWhen se agrega un nuevo producto\nThen recibo un email con detalles,8,10
38,Bloquear cuenta de usuario,Feature: Gestión usuarios\nScenario: Admin bloquea usuario\nGiven en panel de usuarios\nWhen marco usuario como bloqueado\nThen el usuario no puede iniciar sesión,5,7
39,Filtrar productos por precio,"Feature: Lista de productos\nScenario: Usuario filtra por rango de precio\nGiven en lista de productos\nWhen selecciono rango ""$50-$100""\nThen veo productos en ese rango",5,6
40,Integración con API de mensajería,Feature: Notificaciones\nScenario: Admin recibe notificación en Slack\nGiven un evento crítico ocurre\nWhen el sistema envía notificación\nThen se envía mensaje a canal de Slack,13,18
41,Validación de formato de email,Feature: Registro\nScenario: Usuario ingresa email inválido\nGiven en página de registro\nWhen ingreso email inválido\nThen veo mensaje de error,3,4
42,Eliminar cuenta de usuario,"Feature: Perfil\nScenario: Usuario elimina su cuenta\nGiven en configuración de perfil\nWhen selecciono ""Eliminar cuenta""\nThen la cuenta se marca como eliminada",8,10
43,Generar gráfico de ventas,"Feature: Reportes\nScenario: Admin ve gráfico de ventas\nGiven en panel de reportes\nWhen selecciono ""Gráfico de ventas""\nThen veo gráfico con datos de ventas",8,12
44,Autocompletado en búsqueda de productos,"Feature: Búsqueda\nScenario: Usuario usa autocompletado\nGiven en barra de búsqueda\nWhen escribo ""lap""\nThen veo sugerencias como ""laptop""",5,7
45,Agregar dirección de envío,Feature: Perfil\nScenario: Usuario agrega dirección\nGiven en sección de direcciones\nWhen ingreso datos válidos\nThen la dirección se guarda,5,8
46,Cambiar idioma de la aplicación,"Feature: Configuración\nScenario: Usuario cambia el idioma\nGiven estoy en la configuración de la aplicación\nWhen selecciono el idioma ""Español""\nThen la interfaz se actualiza al idioma seleccionado",5,8
47,Ver estadísticas de visitas a producto,"Feature: Panel admin\nScenario: Admin ve estadísticas de producto\nGiven estoy en el panel de productos\nWhen selecciono ""Estadísticas"" de un producto\nThen veo gráfico de visitas por día",8,12
48,Agregar método de pago guardado,Feature: Perfil\nScenario: Usuario guarda tarjeta de crédito\nGiven estoy en la sección de métodos de pago\nWhen ingreso datos válidos de tarjeta\nThen la tarjeta se guarda para pagos futuros,8,10
49,Filtrar pedidos por estado,"Feature: Historial de pedidos\nScenario: Usuario filtra pedidos por estado\nGiven estoy en el historial de pedidos\nWhen selecciono filtro ""Enviado""\nThen veo solo pedidos con estado enviado",5,6
50,Integración con API de envío,Feature: Checkout\nScenario: Sistema calcula costo de envío\nGiven estoy en checkout\nWhen ingreso dirección de envío\nThen veo costo de envío calculado por API,13,20
51,Eliminar comentario de producto,Feature: Detalle de producto\nScenario: Usuario elimina su comentario\nGiven estoy en página de producto\nWhen elimino mi comentario\nThen el comentario desaparece de la lista,5,7
52,Notificación SMS de confirmación de pedido,Feature: Notificaciones\nScenario: Usuario recibe SMS tras pago\nGiven el pago es exitoso\nWhen el sistema procesa el pedido\nThen recibo un SMS de confirmación,8,12
53,Exportar estadísticas a JSON,"Feature: Reportes admin\nScenario: Admin exporta estadísticas\nGiven estoy en panel de reportes\nWhen selecciono ""Exportar a JSON""\nThen se descarga archivo ""estadisticas.json""",5,9
54,Autenticación con Facebook,"Feature: Autenticación\nScenario: Usuario inicia sesión con Facebook\nGiven estoy en página de login\nWhen selecciono ""Iniciar con Facebook""\nThen se autentica y redirige al dashboard",13,18
55,Ver recomendaciones de productos,"Feature: Lista de productos\nScenario: Usuario ve productos recomendados\nGiven estoy en la página principal\nWhen navego a sección ""Recomendados""\nThen veo productos basados en mi historial",8,12
56,Agregar producto a comparación,"Feature: Comparación de productos\nScenario: Usuario compara productos\nGiven estoy en página de producto\nWhen clico ""Agregar a comparación""\nThen el producto se agrega a la lista de comparación",3,5
57,Notificación de reembolso procesado,Feature: Notificaciones\nScenario: Usuario recibe notificación de reembolso\nGiven se procesa un reembolso\nWhen el sistema confirma el reembolso\nThen recibo una notificación por email,8,10
58,Desactivar cuenta de usuario,Feature: Gestión usuarios\nScenario: Admin desactiva cuenta\nGiven en panel de usuarios\nWhen marco usuario como desactivado\nThen el usuario no puede iniciar sesión,5,7
59,Filtrar productos por disponibilidad,"Feature: Lista de productos\nScenario: Usuario filtra por disponibilidad\nGiven estoy en lista de productos\nWhen selecciono ""En stock""\nThen veo solo productos disponibles",5,6
60,Integración con API de reseñas externas,Feature: Detalle de producto\nScenario: Mostrar reseñas externas\nGiven estoy en página de producto\nWhen el sistema consulta API de reseñas\nThen veo reseñas externas en la página,13,18
61,Validación de dirección de envío,Feature: Checkout\nScenario: Usuario ingresa dirección inválida\nGiven estoy en checkout\nWhen ingreso dirección incompleta\nThen veo mensaje de error,3,4
62,Cambiar estado de pedido,"Feature: Panel admin\nScenario: Admin actualiza estado de pedido\nGiven estoy en panel de pedidos\nWhen cambio estado a ""Entregado""\nThen el estado se actualiza en BD",8,10
63,Generar factura en PDF,"Feature: Checkout\nScenario: Usuario descarga factura\nGiven el pago es exitoso\nWhen clico ""Descargar factura""\nThen se descarga archivo ""factura.pdf""",8,12
64,Autocompletado en búsqueda de usuarios,"Feature: Panel admin\nScenario: Admin usa autocompletado\nGiven en panel de usuarios\nWhen escribo ""joh"" en búsqueda\nThen veo sugerencias como ""John""",5,7
65,Agregar cupón a campaña promocional,Feature: Panel admin\nScenario: Admin crea cupón promocional\nGiven estoy en panel de promociones\nWhen ingreso datos de cupón\nThen el cupón se guarda y activa,8,10
66,Ver historial de pagos,"Feature: Perfil\nScenario: Usuario ve historial de pagos\nGiven estoy en sección de pagos\nWhen navego a ""Historial""\nThen veo lista de pagos realizados",5,8
67,Notificación de cambio de precio,Feature: Notificaciones\nScenario: Usuario recibe alerta de precio\nGiven estoy suscrito a producto\nWhen el precio cambia\nThen recibo notificación por email,8,10
68,Proteger formulario contra CSRF,Feature: Seguridad\nScenario: Formulario protegido contra CSRF\nGiven estoy en un formulario\nWhen envío datos sin token CSRF\nThen recibo error de seguridad,5,7
69,Filtrar reportes por usuario,Feature: Reportes admin\nScenario: Admin filtra reportes por usuario\nGiven estoy en panel de reportes\nWhen selecciono un usuario\nThen veo reportes asociados al usuario,5,6
70,Integración con API de análisis,Feature: Estadísticas\nScenario: Admin ve análisis de uso\nGiven estoy en panel de estadísticas\nWhen consulto API de análisis\nThen veo métricas de uso en dashboard,13,18
71,Validación de cupón en checkout,Feature: Checkout\nScenario: Sistema valida cupón\nGiven estoy en checkout\nWhen ingreso cupón vencido\nThen veo mensaje de error,3,4
72,Eliminar dirección de envío,Feature: Perfil\nScenario: Usuario elimina dirección\nGiven estoy en sección de direcciones\nWhen elimino una dirección\nThen la dirección desaparece de la lista,5,7
73,Generar reporte de usuarios activos,"Feature: Reportes admin\nScenario: Admin genera reporte de usuarios\nGiven estoy en panel de reportes\nWhen selecciono ""Usuarios activos""\nThen se descarga archivo ""usuarios_activos.csv""",5,9
74,Agregar producto a categoría,"Feature: Panel admin\nScenario: Admin asigna categoría a producto\nGiven estoy en edición de producto\nWhen selecciono categoría ""Electrónica""\nThen el producto se asocia a la categoría",5,6
75,Notificación de cuenta comprometida,Feature: Seguridad\nScenario: Sistema detecta login sospechoso\nGiven detecto actividad sospechosa\nWhen el sistema procesa la alerta\nThen el usuario recibe notificación por email,8,10
76,Importar productos desde CSV,Feature: Gestión de productos\nScenario: Admin importa productos desde archivo\nGiven estoy en el panel de productos\nWhen subo un archivo CSV válido\nThen los productos se añaden a la base de datos,8,12
77,Ver notificaciones en la aplicación,Feature: Notificaciones\nScenario: Usuario ve notificaciones internas\nGiven estoy en la aplicación\nWhen abro el panel de notificaciones\nThen veo lista de notificaciones recientes,5,7
78,Integración con API de clima,Feature: Personalización\nScenario: Mostrar clima en dashboard\nGiven estoy en el dashboard\nWhen el sistema consulta la API de clima\nThen veo el clima actual en mi ubicación,13,18
79,Validación de stock en checkout,Feature: Checkout\nScenario: Sistema valida stock antes de pagar\nGiven estoy en checkout con productos\nWhen el stock es insuficiente\nThen veo mensaje de error,5,6
80,Generar código QR para producto,"Feature: Detalle de producto\nScenario: Admin genera QR para producto\nGiven estoy en edición de producto\nWhen selecciono ""Generar QR""\nThen se descarga un código QR con enlace al producto",8,10
81,Filtrar comentarios por calificación,"Feature: Detalle de producto\nScenario: Usuario filtra comentarios por estrellas\nGiven estoy en página de producto\nWhen selecciono filtro ""5 estrellas""\nThen veo solo comentarios con 5 estrellas",5,6
82,Notificación push de oferta especial,Feature: Notificaciones\nScenario: Usuario recibe oferta especial\nGiven estoy suscrito a ofertas\nWhen se crea una oferta especial\nThen recibo notificación push,8,10
83,Exportar historial de pagos a PDF,"Feature: Reportes usuario\nScenario: Usuario exporta historial de pagos\nGiven estoy en historial de pagos\nWhen clico ""Exportar a PDF""\nThen se descarga archivo ""pagos.pdf""",5,9
84,Autenticación con Apple ID,"Feature: Autenticación\nScenario: Usuario inicia sesión con Apple ID\nGiven estoy en página de login\nWhen selecciono ""Iniciar con Apple""\nThen se autentica y redirige al dashboard",13,18
85,Ver productos más vendidos,"Feature: Lista de productos\nScenario: Usuario ve productos populares\nGiven estoy en la página principal\nWhen navego a ""Más vendidos""\nThen veo lista de productos más vendidos",5,7
86,Agregar producto a favoritos,"Feature: Favoritos\nScenario: Usuario marca producto como favorito\nGiven estoy en página de producto\nWhen clico ""Añadir a favoritos""\nThen el producto aparece en mis favoritos",3,4
87,Notificación de entrega programada,Feature: Notificaciones\nScenario: Usuario recibe alerta de entrega\nGiven mi pedido está en tránsito\nWhen se programa la entrega\nThen recibo notificación por email,8,10
88,Restringir acceso por rol,Feature: Seguridad\nScenario: Sistema restringe acceso por rol\nGiven estoy autenticado\nWhen intento acceder a página de admin\nThen veo error si no tengo rol admin,5,7
89,Filtrar productos por marca,"Feature: Lista de productos\nScenario: Usuario filtra por marca\nGiven estoy en lista de productos\nWhen selecciono marca ""Samsung""\nThen veo solo productos de esa marca",5,6
90,Integración con API de chat en vivo,"Feature: Soporte\nScenario: Usuario inicia chat en vivo\nGiven estoy en página de soporte\nWhen clico ""Iniciar chat""\nThen se abre ventana de chat conectada a API",13,18
91,Validación de código promocional,Feature: Checkout\nScenario: Sistema valida código promocional\nGiven estoy en checkout\nWhen ingreso código inválido\nThen veo mensaje de error,3,4
92,Eliminar producto de favoritos,Feature: Favoritos\nScenario: Usuario elimina producto de favoritos\nGiven estoy en lista de favoritos\nWhen elimino un producto\nThen el producto desaparece de la lista,3,4
93,Generar reporte de carritos abandonados,"Feature: Reportes admin\nScenario: Admin ve carritos abandonados\nGiven estoy en panel de reportes\nWhen selecciono ""Carritos abandonados""\nThen se descarga archivo ""carritos_abandonados.csv""",8,12
94,Agregar etiqueta a producto,"Feature: Panel admin\nScenario: Admin asigna etiqueta a producto\nGiven estoy en edición de producto\nWhen añado etiqueta ""Oferta""\nThen la etiqueta se asocia al producto",5,6
95,Notificación de cuenta reactivada,Feature: Gestión usuarios\nScenario: Usuario recibe alerta de reactivación\nGiven mi cuenta está desactivada\nWhen admin reactiva mi cuenta\nThen recibo notificación por email,8,10
96,Importar usuarios desde CSV,Feature: Gestión usuarios\nScenario: Admin importa usuarios desde archivo\nGiven estoy en panel de usuarios\nWhen subo un archivo CSV válido\nThen los usuarios se añaden a la base de datos,8,12
97,Ver historial de cambios de producto,"Feature: Panel admin\nScenario: Admin ve cambios de producto\nGiven estoy en edición de producto\nWhen selecciono ""Historial de cambios""\nThen veo lista de modificaciones",5,8
98,Proteger API contra abuso,Feature: Seguridad\nScenario: Sistema limita solicitudes a API\nGiven envío múltiples solicitudes rápidas\nWhen excedo el límite\nThen recibo error 429,8,10
99,Filtrar pedidos por fecha,Feature: Historial de pedidos\nScenario: Usuario filtra pedidos por fecha\nGiven estoy en historial de pedidos\nWhen selecciono rango de fechas\nThen veo pedidos en ese rango,5,6
100,Integración con API de reseñas sociales,Feature: Detalle de producto\nScenario: Mostrar reseñas de redes sociales\nGiven estoy en página de producto\nWhen consulto API de reseñas sociales\nThen veo reseñas de redes en la página,13,18
101,Validación de cantidad en carrito,Feature: Carrito\nScenario: Sistema valida cantidad de productos\nGiven estoy en el carrito\nWhen ingreso cantidad mayor al stock\nThen veo mensaje de error,3,4
102,Eliminar cuenta de administrador,Feature: Gestión usuarios\nScenario: Superadmin elimina cuenta admin\nGiven estoy en panel de usuarios como superadmin\nWhen elimino cuenta de admin\nThen la cuenta se marca como eliminada,8,10
103,Generar reporte de ingresos por categoría,"Feature: Reportes admin\nScenario: Admin ve ingresos por categoría\nGiven estoy en panel de reportes\nWhen selecciono ""Ingresos por categoría""\nThen se descarga archivo ""ingresos_categoria.csv""",8,12
104,Agregar producto a promoción,Feature: Panel admin\nScenario: Admin añade producto a promoción\nGiven estoy en panel de promociones\nWhen asocio producto a promoción\nThen el producto aparece en la promoción,5,6
105,Notificación de cambio de estado de pedido,Feature: Notificaciones\nScenario: Usuario recibe alerta de estado\nGiven mi pedido cambia de estado\nWhen el sistema procesa el cambio\nThen recibo notificación por email,8,10
106,Ver historial de notificaciones,"Feature: Notificaciones\nScenario: Usuario revisa historial de notificaciones\nGiven estoy en el panel de notificaciones\nWhen selecciono ""Ver historial""\nThen veo lista de notificaciones pasadas",5,8
107,Integración con API de seguimiento de envíos,Feature: Seguimiento de pedidos\nScenario: Usuario rastrea pedido\nGiven estoy en detalles de pedido\nWhen consulto seguimiento\nThen veo estado actual vía API,13,18
108,Validación de formato de teléfono,Feature: Perfil\nScenario: Usuario ingresa teléfono inválido\nGiven estoy en edición de perfil\nWhen ingreso número inválido\nThen veo mensaje de error,3,4
109,Filtrar productos por rango de descuento,"Feature: Lista de productos\nScenario: Usuario filtra por descuento\nGiven estoy en lista de productos\nWhen selecciono ""Descuentos 20-50%""\nThen veo productos con descuento en rango",5,6
110,Generar reporte de usuarios inactivos,"Feature: Reportes admin\nScenario: Admin ve usuarios inactivos\nGiven estoy en panel de reportes\nWhen selecciono ""Usuarios inactivos""\nThen se descarga archivo ""usuarios_inactivos.csv""",8,12
111,Agregar comentario a pedido,Feature: Detalle de pedido\nScenario: Usuario agrega comentario\nGiven estoy en detalles de pedido\nWhen ingreso comentario y envío\nThen el comentario se guarda,5,7
112,Notificación push de nuevo comentario,Feature: Notificaciones\nScenario: Admin recibe alerta de comentario\nGiven un usuario agrega comentario\nWhen el comentario se guarda\nThen admin recibe notificación push,8,10
113,Exportar comentarios a CSV,"Feature: Detalle de producto\nScenario: Admin exporta comentarios\nGiven estoy en página de producto\nWhen clico ""Exportar comentarios""\nThen se descarga archivo ""comentarios.csv""",5,9
114,Autenticación con código OTP,Feature: Autenticación\nScenario: Usuario inicia sesión con OTP\nGiven estoy en página de login\nWhen ingreso código OTP válido\nThen se autentica y redirige al dashboard,13,18
115,Ver productos relacionados,"Feature: Detalle de producto\nScenario: Usuario ve productos relacionados\nGiven estoy en página de producto\nWhen navego a ""Productos relacionados""\nThen veo lista de productos similares",5,7
116,Agregar producto a lista compartida,"Feature: Lista de deseos\nScenario: Usuario comparte lista\nGiven estoy en mi lista de deseos\nWhen selecciono ""Compartir lista""\nThen genero enlace para compartir",3,5
117,Notificación de stock reabastecido,Feature: Notificaciones\nScenario: Usuario recibe alerta de stock\nGiven estoy suscrito a producto sin stock\nWhen el stock se reabastece\nThen recibo notificación por email,8,10
118,Restringir acceso por IP,Feature: Seguridad\nScenario: Sistema restringe acceso por IP\nGiven estoy autenticado\nWhen intento acceder desde IP no autorizada\nThen veo error de acceso,8,10
119,Filtrar pedidos por método de pago,"Feature: Historial de pedidos\nScenario: Admin filtra pedidos por pago\nGiven estoy en panel de pedidos\nWhen selecciono ""Tarjeta de crédito""\nThen veo pedidos con ese método",5,6
120,Integración con API de promociones externas,Feature: Promociones\nScenario: Mostrar promociones externas\nGiven estoy en página de promociones\nWhen consulto API de promociones\nThen veo promociones externas,13,18
121,Validación de campos en formulario de contacto,Feature: Soporte\nScenario: Usuario envía formulario inválido\nGiven estoy en página de contacto\nWhen envío formulario sin datos requeridos\nThen veo mensaje de error,3,4
122,Eliminar comentario de pedido,Feature: Detalle de pedido\nScenario: Admin elimina comentario\nGiven estoy en detalles de pedido\nWhen elimino un comentario\nThen el comentario desaparece,5,7
123,Generar reporte de productos más buscados,"Feature: Reportes admin\nScenario: Admin ve productos más buscados\nGiven estoy en panel de reportes\nWhen selecciono ""Productos buscados""\nThen se descarga archivo ""busquedas.csv""",8,12
124,Agregar atributo personalizado a producto,"Feature: Panel admin\nScenario: Admin añade atributo\nGiven estoy en edición de producto\nWhen agrego atributo ""Color""\nThen el atributo se asocia al producto",5,6
125,Notificación de sesión expirada,Feature: Seguridad\nScenario: Sistema notifica sesión expirada\nGiven mi sesión ha expirado\nWhen intento realizar acción\nThen recibo alerta de sesión,5,7
126,Importar categorías desde CSV,Feature: Gestión de categorías\nScenario: Admin importa categorías\nGiven estoy en panel de categorías\nWhen subo archivo CSV válido\nThen las categorías se añaden a la BD,8,12
127,Ver historial de cambios de usuario,"Feature: Panel admin\nScenario: Admin ve cambios de usuario\nGiven estoy en detalles de usuario\nWhen selecciono ""Historial de cambios""\nThen veo lista de modificaciones",5,8
128,Proteger formulario contra XSS,Feature: Seguridad\nScenario: Sistema previene ataque XSS\nGiven estoy en un formulario\nWhen ingreso script malicioso\nThen el sistema sanitiza la entrada,8,10
129,Filtrar reportes por región,"Feature: Reportes admin\nScenario: Admin filtra reportes por región\nGiven estoy en panel de reportes\nWhen selecciono región ""Latinoamérica""\nThen veo reportes de esa región",5,6
130,Integración con API de recomendaciones,Feature: Lista de productos\nScenario: Mostrar recomendaciones dinámicas\nGiven estoy en página de producto\nWhen consulto API de recomendaciones\nThen veo productos recomendados,13,18
131,Validación de cupón por usuario,Feature: Checkout\nScenario: Sistema valida cupón por usuario\nGiven estoy en checkout\nWhen ingreso cupón ya usado\nThen veo mensaje de error,3,4
132,Eliminar categoría de producto,Feature: Panel admin\nScenario: Admin elimina categoría\nGiven estoy en edición de producto\nWhen elimino categoría asociada\nThen la categoría se desasocia,5,6
133,Generar reporte de sesiones activas,"Feature: Reportes admin\nScenario: Admin ve sesiones activas\nGiven estoy en panel de reportes\nWhen selecciono ""Sesiones activas""\nThen se descarga archivo ""sesiones.csv""",8,12
134,Agregar producto a bundle,Feature: Panel admin\nScenario: Admin crea bundle de productos\nGiven estoy en panel de productos\nWhen asocio productos a bundle\nThen el bundle se crea,8,10
135,Notificación de nuevo usuario registrado,Feature: Notificaciones\nScenario: Admin recibe alerta de registro\nGiven un usuario se registra\nWhen el registro se completa\nThen admin recibe notificación por email,5,7
136,Cachear resultados de búsqueda de productos,Feature: Optimización backend\nScenario: Sistema cachea resultados de búsqueda\nGiven un usuario realiza una búsqueda\nWhen los resultados se generan\nThen el backend guarda resultados en caché,8,12
137,Procesar reembolsos en el servidor,Feature: Gestión de pagos\nScenario: Sistema procesa reembolso\nGiven un pedido es elegible para reembolso\nWhen el admin solicita reembolso\nThen el backend procesa el reembolso vía API de pagos,13,20
138,Validar integridad de datos en importación,Feature: Gestión de datos\nScenario: Sistema valida archivo CSV importado\nGiven el admin sube un CSV de productos\nWhen el archivo contiene datos inválidos\nThen el backend rechaza la importación con errores,8,10
139,Optimizar consulta de historial de pedidos,Feature: Optimización backend\nScenario: Sistema optimiza consulta de pedidos\nGiven un usuario accede al historial\nWhen el backend ejecuta la consulta\nThen la respuesta se genera en menos de 1 segundo,13,18
140,Implementar webhook para notificaciones externas,Feature: Integraciones\nScenario: Sistema envía webhook por evento\nGiven ocurre un evento como nuevo pedido\nWhen el backend procesa el evento\nThen se envía un webhook a URL configurada,13,18
141,Encriptar datos sensibles en BD,Feature: Seguridad\nScenario: Sistema encripta datos de usuario\nGiven un usuario ingresa datos sensibles\nWhen se guardan en la base de datos\nThen los datos están encriptados,8,12
142,Procesar pagos recurrentes,Feature: Pagos\nScenario: Sistema procesa suscripción mensual\nGiven un usuario tiene suscripción activa\nWhen llega la fecha de cobro\nThen el backend procesa pago vía API,13,20
143,Implementar auditoría de cambios en BD,Feature: Auditoría\nScenario: Sistema registra cambios en productos\nGiven un admin modifica un producto\nWhen el cambio se guarda\nThen el backend registra el cambio en log de auditoría,8,10
144,Validar API key para endpoints protegidos,Feature: Seguridad\nScenario: Sistema valida API key\nGiven un cliente envía solicitud a endpoint\nWhen la API key es inválida\nThen el backend devuelve error 401,5,7
145,Procesar cola de emails asíncrona,Feature: Notificaciones\nScenario: Sistema envía emails en cola\nGiven un evento genera múltiples emails\nWhen el backend procesa la cola\nThen los emails se envían sin retrasos,13,18
146,Optimizar índices de base de datos,Feature: Optimización backend\nScenario: Sistema mejora consultas con índices\nGiven el backend ejecuta consulta pesada\nWhen se aplican índices optimizados\nThen la consulta se ejecuta más rápido,13,18
147,Implementar rate limiting en API,Feature: Seguridad\nScenario: Sistema limita solicitudes a API\nGiven un cliente envía múltiples solicitudes\nWhen excede el límite\nThen el backend devuelve error 429,8,10
148,Sincronizar inventario con API externa,Feature: Integraciones\nScenario: Sistema sincroniza inventario\nGiven el inventario cambia localmente\nWhen se ejecuta sincronización\nThen el backend actualiza inventario en API externa,13,20
149,Validar unicidad de SKU en productos,Feature: Gestión de productos\nScenario: Sistema valida SKU único\nGiven un admin crea producto con SKU\nWhen el SKU ya existe\nThen el backend devuelve error,5,6
150,Procesar exportación masiva de datos,Feature: Reportes\nScenario: Sistema exporta datos masivos\nGiven el admin solicita exportación de usuarios\nWhen el backend procesa la solicitud\nThen genera archivo CSV asíncronamente,13,18
151,Implementar soft delete en usuarios,Feature: Gestión de usuarios\nScenario: Sistema elimina usuario lógicamente\nGiven un admin elimina un usuario\nWhen se ejecuta la eliminación\nThen el usuario se marca como eliminado en BD,8,10
152,Integración con API de facturación,Feature: Facturación\nScenario: Sistema genera factura vía API\nGiven un pedido se completa\nWhen el backend genera factura\nThen se envía factura a API externa,13,18
153,Validar integridad de datos en checkout,Feature: Checkout\nScenario: Sistema valida datos de pedido\nGiven un usuario completa checkout\nWhen los datos son inconsistentes\nThen el backend rechaza el pedido,5,7
154,Procesar notificaciones en batch,Feature: Notificaciones\nScenario: Sistema envía notificaciones masivas\nGiven múltiples usuarios requieren notificaciones\nWhen el backend procesa en batch\nThen las notificaciones se envían correctamente,13,18
155,Optimizar consultas de reportes,Feature: Optimización backend\nScenario: Sistema mejora reportes\nGiven el admin solicita reporte pesado\nWhen el backend usa consultas optimizadas\nThen el reporte se genera rápidamente,13,18
156,Implementar backup automático de BD,Feature: Gestión de datos\nScenario: Sistema realiza backup\nGiven llega el horario programado\nWhen el backend ejecuta backup\nThen se genera copia en almacenamiento seguro,8,12
157,Validar permisos en endpoints de API,Feature: Seguridad\nScenario: Sistema valida permisos de usuario\nGiven un usuario envía solicitud a endpoint\nWhen no tiene permisos\nThen el backend devuelve error 403,5,7
158,Sincronizar datos de usuarios con CRM,Feature: Integraciones\nScenario: Sistema sincroniza usuarios\nGiven un usuario se registra\nWhen el backend sincroniza con CRM\nThen los datos se actualizan en CRM,13,18
159,Implementar paginación en API de productos,Feature: API\nScenario: Sistema pagina resultados de productos\nGiven un cliente solicita lista de productos\nWhen especifica página 2\nThen el backend devuelve productos 21-40,8,10
160,Procesar descuentos dinámicos en servidor,Feature: Promociones\nScenario: Sistema aplica descuentos dinámicos\nGiven un producto tiene promoción activa\nWhen el usuario añade al carrito\nThen el backend calcula descuento automáticamente,8,12
161,Implementar logging de errores críticos,Feature: Auditoría\nScenario: Sistema registra errores críticos\nGiven ocurre un error en el backend\nWhen el sistema lo detecta\nThen se guarda en log de errores,5,7
162,Validar formato de imágenes en subida,Feature: Gestión de productos\nScenario: Sistema valida imágenes\nGiven un admin sube imagen para producto\nWhen el formato es inválido\nThen el backend rechaza la imagen,5,6
163,Integración con API de análisis de datos,Feature: Estadísticas\nScenario: Sistema consulta métricas\nGiven el admin solicita estadísticas\nWhen el backend consulta API de análisis\nThen procesa y guarda métricas,13,18
164,Optimizar almacenamiento de sesiones,Feature: Optimización backend\nScenario: Sistema mejora gestión de sesiones\nGiven múltiples usuarios están autenticados\nWhen el backend gestiona sesiones\nThen usa almacenamiento eficiente,13,18
165,Implementar limpieza de datos obsoletos,Feature: Gestión de datos\nScenario: Sistema elimina datos antiguos\nGiven existen datos obsoletos\nWhen se ejecuta limpieza programada\nThen el backend elimina datos sin afectar operación,8,12
166,Optimizar consultas de búsqueda full-text,Feature: Optimización de base de datos\nScenario: Sistema mejora búsqueda de productos\nGiven un usuario realiza búsqueda full-text\nWhen el backend usa índices optimizados\nThen la consulta retorna resultados en menos de 0.5 segundos,13,18
167,Implementar migración de esquema de usuarios,Feature: Gestión de base de datos\nScenario: Sistema actualiza esquema de usuarios\nGiven se requiere nueva columna en tabla usuarios\nWhen el backend ejecuta migración\nThen la tabla se actualiza sin pérdida de datos,8,12
168,Validar relaciones de integridad referencial,Feature: Integridad de datos\nScenario: Sistema valida relaciones en pedidos\nGiven un pedido se asocia a un usuario\nWhen se elimina el usuario\nThen el backend previene eliminación por integridad,5,7
169,Implementar particionamiento de tabla de pedidos,Feature: Optimización de base de datos\nScenario: Sistema particiona tabla de pedidos\nGiven la tabla de pedidos crece significativamente\nWhen el backend aplica particionamiento por fecha\nThen las consultas son más rápidas,13,20
170,Auditoría de accesos a datos sensibles,Feature: Seguridad de base de datos\nScenario: Sistema registra accesos a datos\nGiven un admin accede a datos sensibles\nWhen se ejecuta la consulta\nThen el backend registra acceso en log de auditoría,8,10
171,Implementar replicación de base de datos,Feature: Gestión de base de datos\nScenario: Sistema replica datos a servidor secundario\nGiven se realiza cambio en base primaria\nWhen el backend sincroniza con réplica\nThen los datos están disponibles en réplica,13,20
172,Validar formato de datos en importación masiva,Feature: Gestión de datos\nScenario: Sistema valida importación de usuarios\nGiven el admin sube CSV con usuarios\nWhen los datos tienen formato inválido\nThen el backend rechaza con errores específicos,8,10
173,Optimizar consultas de reportes de ventas,Feature: Optimización de base de datos\nScenario: Sistema mejora reportes de ventas\nGiven el admin solicita reporte de ventas\nWhen el backend usa consultas optimizadas\nThen el reporte se genera en menos de 2 segundos,13,18
174,Implementar transacciones en checkout,Feature: Integridad de datos\nScenario: Sistema asegura transacciones en checkout\nGiven un usuario completa checkout\nWhen el backend procesa el pago y pedido\nThen se ejecuta en transacción atómica,8,12
175,Encriptar datos de tarjetas en BD,Feature: Seguridad de base de datos\nScenario: Sistema encripta datos de tarjetas\nGiven un usuario guarda tarjeta\nWhen el backend guarda los datos\nThen los datos están encriptados en BD,8,12
176,Sincronizar datos de inventario en tiempo real,Feature: Integraciones de base de datos\nScenario: Sistema sincroniza inventario\nGiven el inventario cambia en BD\nWhen se ejecuta sincronización\nThen el backend actualiza sistema externo,13,18
177,Implementar limpieza de registros obsoletos,Feature: Gestión de base de datos\nScenario: Sistema elimina datos antiguos\nGiven existen registros obsoletos\nWhen se ejecuta limpieza programada\nThen el backend elimina registros sin afectar datos activos,8,12
178,Validar unicidad de email en BD,Feature: Integridad de datos\nScenario: Sistema valida email único\nGiven un usuario registra email\nWhen el email ya existe\nThen el backend devuelve error,5,6
179,Optimizar consultas de auditoría,Feature: Optimización de base de datos\nScenario: Sistema mejora consultas de auditoría\nGiven se accede al log de auditoría\nWhen el backend usa índices optimizados\nThen la consulta retorna en menos de 1 segundo,13,18
180,Implementar backup incremental,Feature: Gestión de base de datos\nScenario: Sistema realiza backup incremental\nGiven existen cambios desde último backup\nWhen el backend ejecuta backup\nThen solo se respaldan datos modificados,8,12
181,Validar constraints en tabla de productos,Feature: Integridad de datos\nScenario: Sistema valida constraints\nGiven un admin crea producto\nWhen los datos violan constraints\nThen el backend rechaza con error,5,7
182,Procesar exportación de datos asíncrona,Feature: Reportes\nScenario: Sistema exporta datos asíncronamente\nGiven el admin solicita exportación masiva\nWhen el backend procesa en fondo\nThen genera archivo CSV y notifica,13,18
183,Implementar sharding de base de datos,Feature: Escalabilidad\nScenario: Sistema distribuye datos\nGiven la base de datos crece significativamente\nWhen el backend aplica sharding\nThen las consultas se distribuyen entre shards,21,30
184,Auditoría de cambios en precios,Feature: Auditoría de base de datos\nScenario: Sistema registra cambios de precios\nGiven un admin modifica precio de producto\nWhen el cambio se guarda\nThen el backend registra en log de auditoría,5,7
185,Sincronizar datos de usuarios con API externa,Feature: Integraciones\nScenario: Sistema sincroniza usuarios\nGiven un usuario actualiza datos\nWhen el backend sincroniza con API\nThen los datos se actualizan en sistema externo,13,18
186,Validar índices en consultas de pedidos,Feature: Optimización de base de datos\nScenario: Sistema usa índices en pedidos\nGiven se ejecuta consulta de pedidos\nWhen el backend usa índices optimizados\nThen la consulta es más rápida,13,18
187,Implementar transacciones en actualización masiva,Feature: Integridad de datos\nScenario: Sistema asegura actualizaciones masivas\nGiven el admin actualiza múltiples productos\nWhen se ejecuta la actualización\nThen se realiza en transacción atómica,8,12
188,Encriptar logs de auditoría,Feature: Seguridad de base de datos\nScenario: Sistema encripta logs\nGiven se genera un log de auditoría\nWhen el backend guarda el log\nThen el log está encriptado en BD,8,12
189,Optimizar consultas de estadísticas de usuarios,Feature: Optimización de base de datos\nScenario: Sistema mejora estadísticas\nGiven el admin solicita estadísticas de usuarios\nWhen el backend usa consultas optimizadas\nThen el reporte se genera rápidamente,13,18
190,Implementar restauración de base de datos,Feature: Gestión de base de datos\nScenario: Sistema restaura datos\nGiven existe un backup reciente\nWhen el admin solicita restauración\nThen el backend restaura datos sin pérdida,13,20
191,Validar formato JSON en importación,Feature: Gestión de datos\nScenario: Sistema valida JSON importado\nGiven el admin sube archivo JSON\nWhen el archivo tiene formato inválido\nThen el backend rechaza con errores,8,10
192,Procesar limpieza de sesiones caducadas,Feature: Gestión de base de datos\nScenario: Sistema elimina sesiones antiguas\nGiven existen sesiones caducadas\nWhen se ejecuta limpieza programada\nThen el backend elimina sesiones obsoletas,5,7
193,Implementar vistas materializadas para reportes,Feature: Optimización de base de datos\nScenario: Sistema usa vistas materializadas\nGiven el admin solicita reporte complejo\nWhen el backend usa vista materializada\nThen el reporte se genera rápidamente,13,18
194,Validar integridad en cascada en eliminación,Feature: Integridad de datos\nScenario: Sistema elimina datos en cascada\nGiven un admin elimina categoría\nWhen se ejecuta eliminación\nThen el backend elimina productos asociados,8,10
195,Integración con base de datos secundaria,Feature: Escalabilidad\nScenario: Sistema usa BD secundaria para lecturas\nGiven se realiza consulta de lectura\nWhen el backend consulta BD secundaria\nThen la respuesta es rápida y consistente,13,20
196,Iniciar sesión con biometría,Feature: Autenticación móvil\nScenario: Usuario inicia sesión con huella dactilar\nGiven estoy en la pantalla de login\nWhen selecciono autenticación biométrica\nThen se autentica y accede al dashboard,8,12
197,Ver productos en modo offline,Feature: Modo offline\nScenario: Usuario ve productos sin conexión\nGiven estoy en la app sin conexión\nWhen navego a lista de productos\nThen veo productos almacenados localmente,8,10
198,Recibir notificación push de oferta,Feature: Notificaciones móviles\nScenario: Usuario recibe oferta especial\nGiven estoy suscrito a notificaciones\nWhen se crea una oferta\nThen recibo una notificación push,5,7
199,Filtrar productos con deslizamiento lateral,Feature: Navegación móvil\nScenario: Usuario filtra productos con gesto\nGiven estoy en la lista de productos\nWhen deslizo para abrir filtros\nThen veo opciones de filtro en pantalla,5,6
200,Agregar producto al carrito con gesto,Feature: Carrito móvil\nScenario: Usuario añade producto con gesto\nGiven estoy en página de producto\nWhen deslizo hacia arriba para añadir\nThen el producto se agrega al carrito,3,4
201,Escanear código QR de producto,Feature: Cámara móvil\nScenario: Usuario escanea QR de producto\nGiven estoy en la app con cámara activa\nWhen escaneo un QR de producto\nThen veo detalles del producto,8,12
202,Sincronizar carrito en modo offline,Feature: Modo offline\nScenario: Sistema sincroniza carrito al reconectar\nGiven añado productos sin conexión\nWhen me conecto a internet\nThen el carrito se sincroniza con el servidor,8,10
203,Mostrar ubicación de tienda en mapa,Feature: Geolocalización móvil\nScenario: Usuario ve tiendas cercanas\nGiven estoy en la sección de tiendas\nWhen activo GPS\nThen veo mapa con tiendas cercanas,13,18
204,Actualizar perfil con foto desde cámara,Feature: Perfil móvil\nScenario: Usuario sube foto de perfil\nGiven estoy en edición de perfil\nWhen tomo foto con cámara\nThen la foto se actualiza en mi perfil,5,7
205,Recibir notificación de estado de pedido,Feature: Notificaciones móviles\nScenario: Usuario recibe alerta de pedido\nGiven mi pedido cambia de estado\nWhen el servidor actualiza el estado\nThen recibo notificación push,5,7
206,Buscar productos con voz,Feature: Búsqueda móvil\nScenario: Usuario busca con comando de voz\nGiven estoy en la barra de búsqueda\nWhen activo búsqueda por voz\nThen veo resultados basados en mi voz,8,12
207,Cambiar tema oscuro/claro en app,Feature: Configuración móvil\nScenario: Usuario cambia tema\nGiven estoy en configuración\nWhen selecciono tema oscuro\nThen la app cambia a tema oscuro,3,4
208,Ver historial de pedidos en móvil,Feature: Dashboard móvil\nScenario: Usuario ve pedidos anteriores\nGiven estoy en mi dashboard\nWhen navego a historial de pedidos\nThen veo lista de pedidos con detalles,5,7
209,Aplicar cupón con escaneo de código,Feature: Checkout móvil\nScenario: Usuario aplica cupón con cámara\nGiven estoy en checkout\nWhen escaneo código de cupón\nThen el cupón se aplica al total,8,10
210,Notificación de stock reabastecido,Feature: Notificaciones móviles\nScenario: Usuario recibe alerta de stock\nGiven estoy suscrito a producto sin stock\nWhen el stock se reabastece\nThen recibo notificación push,5,7
211,Compartir producto por redes sociales,"Feature: Interacciones móviles\nScenario: Usuario comparte producto\nGiven estoy en página de producto\nWhen selecciono ""Compartir""\nThen se abre panel nativo de compartir",3,4
212,Ver recomendaciones personalizadas,"Feature: Personalización móvil\nScenario: Usuario ve productos recomendados\nGiven estoy en la pantalla principal\nWhen navego a ""Recomendados""\nThen veo productos basados en mi historial",8,10
213,Agregar dirección con autocompletado,Feature: Perfil móvil\nScenario: Usuario añade dirección\nGiven estoy en sección de direcciones\nWhen ingreso dirección parcial\nThen veo sugerencias de autocompletado,8,12
214,Filtrar productos por gestos de pellizco,Feature: Navegación móvil\nScenario: Usuario filtra con gesto de pellizco\nGiven estoy en lista de productos\nWhen hago gesto de pellizco\nThen veo productos en vista compacta,3,4
215,Recibir notificación de entrega programada,Feature: Notificaciones móviles\nScenario: Usuario recibe alerta de entrega\nGiven mi pedido está en tránsito\nWhen se programa entrega\nThen recibo notificación push,5,7
216,Implementar A/B testing para el botón de checkout,"Feature: A/B Testing\nScenario: Admin configura una prueba A/B para el color del botón de checkout\nGiven soy admin en el panel de ""Experimentos""\nWhen creo una prueba A/B con 50% para el color ""verde"" y 50% para ""azul""\nThen los usuarios ven diferentes versiones del botón de checkout",13,20
217,Soporte para lector de pantalla en la navegación principal,Feature: Accesibilidad\nScenario: Usuario con discapacidad visual navega por el menú principal\nGiven el usuario tiene activado un lector de pantalla\nWhen navega por los elementos del menú principal\nThen el lector de pantalla anuncia correctamente cada opción del menú,8,14
218,"Añadir soporte para múltiples monedas (EUR, USD)","Feature: Internacionalización\nScenario: Usuario cambia la moneda de la tienda a EUR\nGiven estoy en la configuración de la tienda\nWhen selecciono ""EUR"" como mi moneda preferida\nThen todos los precios de los productos se muestran en euros",13,22
219,Sistema de medallas por completar el perfil de usuario,"Feature: Gamificación\nScenario: Usuario gana una medalla al completar su perfil al 100%\nGiven mi perfil de usuario está al 90% completo\nWhen añado mi número de teléfono para llegar al 100%\nThen recibo una notificación de que he ganado la medalla ""Perfil Completo""",8,12
220,Generar reporte de embudo de conversión de usuarios,"Feature: Analíticas Avanzadas\nScenario: Admin genera un reporte del embudo de conversión\nGiven estoy en el panel de ""Analíticas""\nWhen selecciono ""Embudo de Conversión"" para el último mes\nThen veo un gráfico que muestra el porcentaje de usuarios que pasan de la visita a la compra",13,25
221,Pipeline de CI/CD para despliegue automático a producción,"Feature: DevOps\nScenario: Desarrollador hace push a la rama principal\nGiven el código ha pasado todas las pruebas en el entorno de staging\nWhen se hace merge a la rama ""main""\nThen el pipeline de CI/CD despliega automáticamente la nueva versión a producción",21,35
222,Versionado de la API de productos,"Feature: Gestión de API\nScenario: Cliente de la API accede a una versión anterior del endpoint de productos\nGiven la API de productos está en la versión 2.0\nWhen realizo una petición a ""/api/v1/products""\nThen recibo la estructura de datos correspondiente a la versión 1.0 de la API",8,15
223,Programar publicación de un producto para una fecha futura,Feature: Gestión de Contenidos\nScenario: Admin programa la publicación de un nuevo producto\nGiven estoy creando un nuevo producto en el panel de admin\nWhen establezco la fecha de publicación para mañana a las 9:00 AM\nThen el producto permanece invisible en la tienda hasta la fecha y hora programadas,8,13
224,Generar mapa de calor de clics en la página principal,"Feature: Analíticas de Comportamiento\nScenario: Admin visualiza el mapa de calor de la home\nGiven estoy en el dashboard de analíticas\nWhen selecciono ""Mapa de Calor"" para la página principal\nThen veo una superposición visual que muestra dónde hacen clic los usuarios con más frecuencia",13,22
225,Autenticación de dos factores (2FA) con app de autenticación,Feature: Seguridad Avanzada\nScenario: Usuario activa 2FA con Google Authenticator\nGiven estoy en la configuración de seguridad de mi perfil\nWhen escaneo el código QR con mi app de autenticación y confirmo con un código\nThen la autenticación de dos factores queda activada para mi cuenta,13,20
226,Búsqueda facetada de productos (múltiples filtros simultáneos),"Feature: Búsqueda Avanzada\nScenario: Usuario filtra productos por categoría y marca\nGiven estoy en la página de ""Laptops""\nWhen aplico el filtro de marca ""Dell"" y el filtro de RAM ""16GB""\nThen la lista de productos se actualiza para mostrar solo laptops Dell con 16GB de RAM",8,14
227,Recordar carrito de compras entre diferentes dispositivos,Feature: Continuidad de Experiencia\nScenario: Usuario añade productos en el móvil y finaliza la compra en el escritorio\nGiven añado un producto al carrito en mi smartphone\nWhen inicio sesión en mi cuenta en la versión de escritorio\nThen el producto que añadí desde el móvil aparece en mi carrito,8,15
228,"Notificación de """"visto por última vez"""" en el chat de soporte","Feature: Chat de Soporte\nScenario: Usuario ve cuándo un agente de soporte vio su mensaje\nGiven estoy en una conversación con un agente de soporte\nWhen el agente abre la ventana de chat y ve mi último mensaje\nThen veo un indicador de ""visto"" debajo de mi mensaje",5,9
229,Configurar reglas de descuento automáticas (ej. 3x2),"Feature: Promociones Avanzadas\nScenario: Admin crea una promoción de 3x2 en una categoría de productos\nGiven soy admin en el panel de ""Promociones""\nWhen creo una regla ""Lleva 3, Paga 2"" para la categoría ""Camisetas""\nThen al añadir 3 camisetas al carrito, el precio de una se descuenta automáticamente",13,21
230,Integración con un sistema de CRM para sincronizar clientes,Feature: Integraciones de Terceros\nScenario: Un nuevo usuario se registra en la tienda\nGiven un visitante completa el formulario de registro\nWhen la cuenta de usuario se crea exitosamente\nThen un nuevo contacto se crea automáticamente en el CRM (ej. Salesforce),13,20
231,Generar un link mágico para inicio de sesión sin contraseña,"Feature: Autenticación Alternativa\nScenario: Usuario solicita un link mágico para iniciar sesión\nGiven estoy en la página de login\nWhen ingreso mi email y solicito un ""link de acceso""\nThen recibo un email con un enlace único que me permite iniciar sesión directamente",8,14
232,Panel de control para gestionar los webhooks de la API,"Feature: Gestión de API para Desarrolladores\nScenario: Desarrollador registra un nuevo webhook para notificaciones de pedidos\nGiven soy un desarrollador en el portal de la API\nWhen navego a la sección ""Webhooks"" y añado una URL para el evento ""order.created""\nThen mi sistema recibe una notificación POST cuando se crea un nuevo pedido",8,15
233,Optimización de imágenes para carga rápida en móviles,Feature: Rendimiento Web\nScenario: Usuario visita una página de producto con muchas imágenes en una red 3G\nGiven estoy en un dispositivo móvil con una conexión lenta\nWhen cargo una página de producto\nThen las imágenes se cargan progresivamente y en un formato optimizado (ej. WebP),8,13
234,Permitir a los usuarios reportar comentarios inapropiados,"Feature: Moderación de Contenido\nScenario: Usuario encuentra un comentario ofensivo y lo reporta\nGiven estoy leyendo los comentarios de un producto\nWhen encuentro un comentario inapropiado y hago clic en ""Reportar""\nThen el comentario es enviado a una cola de moderación para ser revisado por un admin",5,9
235,Cálculo de impuestos locales basado en la dirección de envío,Feature: Checkout y Fiscalidad\nScenario: Usuario de California realiza una compra\nGiven estoy en la página de checkout e ingreso una dirección en California\nWhen procedo al resumen del pedido\nThen el sistema calcula y añade el impuesto sobre las ventas (sales tax) correspondiente,13,21
236,Crear un programa de lealtad basado en puntos,Feature: Retención de Clientes\nScenario: Usuario acumula puntos por cada compra realizada\nGiven realizo una compra de $50\nWhen el pedido es completado y enviado\nThen mi cuenta de lealtad se acredita con 50 puntos,8,13
237,Canjear puntos de lealtad por cupones de descuento,"Feature: Programa de Lealtad\nScenario: Usuario canjea sus puntos por un cupón de $10 de descuento\nGiven tengo 1000 puntos de lealtad acumulados\nWhen en la sección de ""Recompensas"" elijo canjear 1000 puntos por un cupón\nThen recibo un código de cupón único y mi saldo de puntos se reduce a 0",8,14
238,Panel de analíticas para visualizar el rendimiento de cupones,"Feature: Analíticas de Marketing\nScenario: Admin revisa cuántas veces se ha usado un cupón\nGiven estoy en el panel de ""Analíticas de Marketing""\nWhen selecciono el cupón ""VERANO2024""\nThen veo un reporte con el número de usos, el total de ventas generadas y el ROI",8,15
239,Sugerencias de búsqueda predictiva basadas en popularidad,"Feature: Búsqueda Inteligente\nScenario: Usuario empieza a escribir en la barra de búsqueda\nGiven estoy en la barra de búsqueda y escribo ""sma""\nWhen espero las sugerencias\nThen veo ""smartphone"" como la primera sugerencia porque es el término más buscado",5,10
240,Permitir a los usuarios guardar múltiples listas de deseos,"Feature: Listas de Deseos Múltiples\nScenario: Usuario crea una nueva lista de deseos para su cumpleaños\nGiven estoy en mi sección de ""Listas de Deseos""\nWhen hago clic en ""Crear Nueva Lista"" y la nombro ""Regalos de Cumpleaños""\nThen puedo añadir productos específicamente a esa nueva lista",5,9
241,Soporte para múltiples idiomas en el panel de administrador,"Feature: Internacionalización del Admin\nScenario: Un administrador de habla francesa usa el panel de control\nGiven estoy en la configuración de mi perfil de admin\nWhen cambio mi idioma preferido a ""Francés""\nThen toda la interfaz del panel de administración se muestra en francés",8,13
242,Exportar e importar traducciones de productos vía CSV,"Feature: Gestión de Contenidos Multilingüe\nScenario: Admin exporta los textos de productos para traducirlos\nGiven estoy en la sección de ""Internacionalización""\nWhen elijo ""Exportar Textos de Productos para Traducción""\nThen se descarga un CSV con columnas para cada idioma (es, en, fr)",8,15
243,Alerta de inactividad de sesión con cierre automático,"Feature: Seguridad de Sesión\nScenario: Usuario deja su sesión inactiva por más de 15 minutos\nGiven estoy logueado pero no he realizado ninguna acción por 14 minutos\nWhen pasa un minuto más de inactividad\nThen aparece un modal preguntando si deseo mantener la sesión, y si no respondo, se cierra",5,10
244,Integración con un sistema de inventario externo (ERP),Feature: Sincronización de Inventario\nScenario: El stock de un producto cambia en el ERP\nGiven el stock de un producto se actualiza en el sistema ERP externo\nWhen el webhook del ERP notifica a nuestra aplicación\nThen el nivel de stock de ese producto se actualiza en nuestra base de datos,13,22
245,Generar facturas proforma antes del pago,"Feature: Facturación Flexible\nScenario: Cliente corporativo solicita una factura proforma\nGiven un cliente ha añadido productos a su carrito\nWhen en el checkout, selecciona la opción ""Solicitar Factura Proforma""\nThen se genera un PDF con la proforma y se le envía por email, sin confirmar el pedido",8,14
246,"Permitir a los usuarios suscribirse a notificaciones de """"vuelta en stock""""","Feature: Notificaciones de Inventario\nScenario: Usuario encuentra un producto agotado y se suscribe para recibir una alerta\nGiven estoy en la página de un producto que está agotado\nWhen ingreso mi email y hago clic en ""Notificarme cuando vuelva a estar disponible""\nThen quedo registrado para recibir una notificación cuando el stock se reponga",5,11
247,Panel de control para gestionar variables de entorno,"Feature: Configuración de Entorno\nScenario: Un DevOps actualiza una clave de API desde el panel de admin\nGiven soy un superadmin en el panel de ""Configuración Avanzada""\nWhen actualizo el valor de la variable de entorno ""STRIPE_API_KEY""\nThen la nueva clave se aplica a la aplicación sin necesidad de un redespliegue",13,19
248,Crear un sandbox de API para que los desarrolladores prueben,"Feature: Portal de Desarrolladores\nScenario: Desarrollador realiza llamadas de prueba a la API en un entorno sandbox\nGiven soy un desarrollador con una clave de API de prueba\nWhen realizo una petición al endpoint ""/api/sandbox/products""\nThen recibo datos de prueba sin afectar los datos de producción",8,16
249,Permitir a los usuarios iniciar sesión con su número de teléfono,"Feature: Autenticación por Teléfono\nScenario: Usuario se registra e inicia sesión usando solo su número de teléfono\nGiven estoy en la página de registro/login\nWhen ingreso mi número de teléfono y recibo un código por SMS\nThen al ingresar el código, mi sesión se inicia o se crea mi cuenta",8,15
250,Implementar un sistema de referidos donde los usuarios ganan crédito,Feature: Programa de Referidos\nScenario: Usuario comparte su código de referido con un amigo\nGiven tengo un código de referido único en mi perfil\nWhen mi amigo se registra usando mi código y realiza su primera compra\nThen recibo $10 de crédito en mi cuenta para futuras compras,8,14
251,Generar un feed de productos para Google Merchant Center,Feature: Integraciones de Marketing\nScenario: El sistema genera un feed de productos XML para Google Shopping\nGiven hay productos activos en la tienda\nWhen el trabajo programado para generar el feed se ejecuta\nThen se crea un archivo XML en una URL pública con todos los productos y sus atributos,8,16
252,"Soporte para inicios de sesión desde redes sociales (ej. Twitter, GitHub)","Feature: Autenticación Social\nScenario: Un desarrollador inicia sesión con su cuenta de GitHub\nGiven estoy en la página de login\nWhen hago clic en ""Iniciar sesión con GitHub"" y autorizo la aplicación\nThen soy redirigido a mi dashboard, autenticado con mi cuenta de GitHub",13,19
253,Guardar carritos abandonados y enviar recordatorios por email,Feature: Recuperación de Carritos\nScenario: Usuario abandona un carrito con productos\nGiven he añadido productos a mi carrito pero no he completado la compra en 24 horas\nWhen el sistema detecta mi carrito abandonado\nThen recibo un email recordándome los productos que dejé en mi carrito,8,13
254,Permitir a los usuarios personalizar las notificaciones que reciben,"Feature: Preferencias de Notificación\nScenario: Usuario desactiva las notificaciones por email de promociones\nGiven estoy en la configuración de notificaciones de mi perfil\nWhen desmarco la casilla ""Recibir emails de marketing y promociones""\nThen dejo de recibir correos promocionales, pero sigo recibiendo los transaccionales",5,10
255,Implementar un modo de mantenimiento para la tienda,"Feature: Administración del Sitio\nScenario: Admin activa el modo de mantenimiento para una actualización\nGiven soy admin en el panel de ""Configuración del Sitio""\nWhen activo el interruptor de ""Modo de Mantenimiento""\nThen todos los visitantes del sitio ven una página de mantenimiento en lugar de la tienda",5,8
256,Permitir la compra de tarjetas de regalo digitales,"Feature: Tarjetas de Regalo\nScenario: Usuario compra una tarjeta de regalo de $50 para un amigo\nGiven estoy en la página de ""Tarjetas de Regalo""\nWhen elijo un valor de $50, ingreso el email de mi amigo y completo el pago\nThen mi amigo recibe un email con un código de tarjeta de regalo único por valor de $50",8,14
257,Usar una tarjeta de regalo como método de pago en el checkout,Feature: Checkout con Tarjeta de Regalo\nScenario: Usuario aplica el saldo de una tarjeta de regalo a su compra\nGiven tengo productos en mi carrito y estoy en la página de pago\nWhen ingreso un código de tarjeta de regalo válido con $50 de saldo\nThen $50 se descuentan del total de mi pedido,5,11
258,Generar un sitemap XML dinámicamente,Feature: SEO Técnico\nScenario: El sistema actualiza el sitemap cuando se crea un nuevo producto\nGiven un admin crea y publica un nuevo producto\nWhen el sitemap.xml es regenerado o actualizado\nThen la URL del nuevo producto aparece en el sitemap.xml,5,10
259,Implementar una API de GraphQL para consultas de productos,"Feature: API de GraphQL\nScenario: Un desarrollador front-end consulta solo el nombre y precio de los productos\nGiven la API de GraphQL está disponible en ""/api/graphql""\nWhen envío una consulta GraphQL pidiendo solo los campos ""name"" y ""price"" de los productos\nThen recibo una respuesta JSON que contiene únicamente el nombre y el precio de cada producto",13,20
260,Permitir a los usuarios guardar filtros de búsqueda para uso futuro,"Feature: Búsqueda Personalizada\nScenario: Usuario guarda un conjunto de filtros para ""Laptops para Gaming""\nGiven he filtrado los productos por la categoría ""Laptops"" y la marca ""ASUS""\nWhen hago clic en ""Guardar esta búsqueda"" y la nombro ""Mis Laptops ASUS""\nThen puedo volver a aplicar este conjunto de filtros con un solo clic en el futuro",5,9
261,"Integración con un servicio de logging centralizado (ej. Datadog, Sentry)","Feature: Monitoreo y Observabilidad\nScenario: Ocurre un error inesperado en producción\nGiven una excepción no controlada ocurre durante el checkout\nWhen el sistema captura el error\nThen el error, junto con su stack trace y contexto, se envía al servicio de logging centralizado",8,13
262,Ver un tour guiado de las funcionalidades principales para nuevos usuarios,Feature: Onboarding de Usuarios\nScenario: Un nuevo usuario inicia sesión por primera vez\nGiven acabo de registrarme e iniciar sesión\nWhen soy redirigido al dashboard\nThen aparece un tour guiado interactivo que me muestra las funcionalidades clave,5,10
263,"Política de Contraseñas Seguras (longitud,caracteres especiales)","Feature: Seguridad de Cuentas\nScenario: Usuario intenta registrarse con una contraseña débil\nGiven estoy en la página de registro\nWhen ingreso una contraseña como ""123456""\nThen veo un mensaje de error indicando que la contraseña no cumple con los requisitos de seguridad",5,9
264,Permitir a los administradores iniciar sesión como otro usuario (impersonation),"Feature: Soporte y Depuración\nScenario: Un agente de soporte necesita ver lo que un cliente está viendo\nGiven soy un admin en el perfil de un usuario\nWhen hago clic en el botón ""Iniciar Sesión como este Usuario""\nThen soy redirigido a la tienda y navego como si fuera ese usuario, con un indicador visual claro",8,14
265,Generar un feed de actividad reciente para el dashboard del usuario,"Feature: Dashboard de Usuario\nScenario: Usuario inicia sesión y ve su actividad reciente\nGiven he realizado un pedido y he dejado una reseña recientemente\nWhen navego a mi dashboard\nThen veo una línea de tiempo que dice ""Tu pedido #123 ha sido enviado"" y ""Dejaste una reseña para el producto X""",5,12
266,Implementar cacheo de peticiones de API con Redis,"Feature: Optimización de Rendimiento\nScenario: Múltiples usuarios solicitan la misma lista de productos\nGiven la lista de productos de la categoría ""Smartphones"" es solicitada por primera vez\nWhen un segundo usuario solicita la misma lista un minuto después\nThen la respuesta para el segundo usuario se sirve desde la caché de Redis, reduciendo el tiempo de carga",8,15
267,Permitir a los usuarios comparar productos lado a lado,"Feature: Comparación de Productos\nScenario: Usuario selecciona tres productos para comparar\nGiven he añadido tres smartphones a la lista de comparación\nWhen hago clic en ""Comparar""\nThen veo una tabla que muestra las especificaciones de los tres productos en columnas, lado a lado",5,10
268,Configurar un Content Delivery Network (CDN) para los assets estáticos,"Feature: Rendimiento y Escalabilidad\nScenario: Usuario en Europa carga el sitio web\nGiven el servidor principal está en EE.UU. y se ha configurado un CDN\nWhen un usuario de Europa solicita los archivos CSS y JS\nThen los archivos se sirven desde un servidor del CDN en Europa, reduciendo la latencia",8,13
269,Programar una tarea para eliminar carritos abandonados antiguos,Feature: Mantenimiento de la Base de Datos\nScenario: El sistema limpia carritos abandonados de más de 90 días\nGiven existen carritos abandonados con más de 90 días de antigüedad\nWhen el trabajo programado de limpieza se ejecuta\nThen esos carritos antiguos son eliminados de la base de datos para liberar espacio,5,10
270,Panel para gestionar redirecciones 301,"Feature: SEO y Administración\nScenario: Admin crea una redirección para una URL de producto antigua\nGiven una URL de producto ha cambiado\nWhen el admin va al panel de ""Redirecciones"" y mapea la URL antigua a la nueva\nThen cualquier usuario que visite la URL antigua es redirigido con un código 301 a la nueva",5,9
271,Cálculo de costos de envío basados en el peso total del pedido,Feature: Logística de Envíos\nScenario: Usuario compra varios productos con diferentes pesos\nGiven he añadido al carrito un libro (1kg) y un monitor (7kg)\nWhen procedo al checkout\nThen el sistema calcula el costo de envío basado en el peso total de 8kg,8,14
272,"Permitir a los usuarios pagar en cuotas (integración con Klarna, Afterpay)","Feature: Métodos de Pago Flexibles\nScenario: Usuario elige pagar su compra en 4 cuotas con Klarna\nGiven estoy en el checkout con un pedido de $200\nWhen selecciono ""Pagar con Klarna"" como método de pago\nThen soy redirigido a Klarna para completar la transacción y configurar mi plan de pagos",13,20
273,Generar un feed RSS para el blog de la tienda,"Feature: Marketing de Contenidos\nScenario: Usuario se suscribe al feed RSS del blog\nGiven se ha publicado un nuevo artículo en el blog de la tienda\nWhen un usuario accede a la URL ""/blog/rss.xml""\nThen ve el nuevo artículo en su lector de RSS",5,9
274,Soporte para múltiples almacenes de inventario,Feature: Gestión de Inventario Avanzada\nScenario: Se procesa un pedido para un cliente en Nueva York\nGiven tenemos un almacén en Nueva York y otro en California\nWhen un cliente de Nueva York realiza un pedido\nThen el sistema asigna el inventario y el envío desde el almacén de Nueva York,13,22
275,Implementar una lista de espera para productos muy demandados,"Feature: Gestión de Lanzamientos\nScenario: Un producto nuevo y limitado se agota, y un usuario se une a la lista de espera\nGiven un producto exclusivo se ha agotado\nWhen un usuario visita la página del producto y hace clic en ""Unirse a la Lista de Espera""\nThen queda registrado para tener una oportunidad de comprar si hay más unidades disponibles",8,13
276,"Permitir a los usuarios filtrar por productos """"Nuevos"""" o """"En Oferta""""","Feature: Filtros de Descubrimiento\nScenario: Usuario quiere ver solo los productos recién llegados\nGiven estoy en la página principal de la tienda\nWhen hago clic en el filtro ""Novedades""\nThen veo una lista de productos añadidos en los últimos 30 días",5,8
277,Proteger contra ataques de fuerza bruta en el login,Feature: Seguridad de Autenticación\nScenario: Un atacante intenta adivinar la contraseña de un usuario\nGiven se han realizado 5 intentos de inicio de sesión fallidos para una cuenta\nWhen se intenta por sexta vez con una contraseña incorrecta\nThen la cuenta se bloquea temporalmente y se notifica al usuario por email,8,14
278,Generar un reporte de cohortes de retención de clientes,"Feature: Analíticas de Retención\nScenario: Admin analiza la retención de clientes registrados en Enero\nGiven estoy en el panel de ""Analíticas de Clientes""\nWhen genero un reporte de cohorte para los usuarios que se registraron en Enero\nThen veo una tabla que muestra qué porcentaje de esos usuarios volvió a comprar en Febrero, Marzo, etc.",13,24
279,Permitir el pago con un solo clic para clientes recurrentes,"Feature: Checkout Rápido\nScenario: Un cliente recurrente con tarjeta guardada realiza una compra\nGiven he iniciado sesión y tengo un método de pago guardado\nWhen en la página de un producto, hago clic en el botón ""Comprar ahora con 1-Clic""\nThen el pedido se crea inmediatamente usando mi dirección y pago guardados, saltando el checkout",8,15
280,Permitir a los usuarios dejar una propina opcional en el checkout,Feature: Propinas\nScenario: Usuario decide dejar una propina para el equipo\nGiven estoy en la página de pago\nWhen selecciono una opción de propina del 10%\nThen el 10% del subtotal se añade al total de mi pedido como una propina,5,9
281,Implementar un sistema de tickets para soporte al cliente,"Feature: Sistema de Soporte\nScenario: Usuario tiene un problema con su pedido y abre un ticket de soporte\nGiven estoy en mi historial de pedidos\nWhen hago clic en ""Necesito ayuda con este pedido"" y describo mi problema\nThen se crea un nuevo ticket de soporte asociado a mi cuenta y a ese pedido",8,13
282,Guardar el progreso de un formulario a medio llenar,Feature: Usabilidad de Formularios\nScenario: Usuario está llenando un formulario largo y cierra la pestaña por accidente\nGiven estoy completando un formulario de personalización de producto con muchos campos\nWhen cierro y vuelvo a abrir la página\nThen los datos que ya había ingresado en el formulario siguen ahí,5,10
283,Soporte para video en las galerías de productos,Feature: Contenido de Producto Enriquecido\nScenario: Admin añade un video de YouTube a la galería de un producto\nGiven estoy editando un producto en el panel de admin\nWhen pego un enlace de un video de YouTube en la galería de medios\nThen el video aparece como parte de la galería de imágenes en la página del producto,5,9
284,Realizar encuestas de satisfacción del cliente (NPS) post-compra,Feature: Feedback de Clientes\nScenario: Usuario recibe una encuesta de NPS una semana después de recibir su pedido\nGiven he recibido mi pedido hace 7 días\nWhen el sistema me envía un email de seguimiento\nThen el email contiene una encuesta para valorar mi satisfacción de 0 a 10 (Net Promoter Score),8,12
285,Implementar un programa de afiliados,"Feature: Marketing de Afiliados\nScenario: Un afiliado comparte su enlace único y un usuario compra a través de él\nGiven un afiliado comparte su enlace ""tienda.com/?ref=afiliado123""\nWhen un nuevo usuario hace clic en el enlace y realiza una compra en los siguientes 30 días\nThen el afiliado recibe una comisión por la venta generada",13,23
287,Monitoreo de rendimiento de la aplicación (APM) con New Relic,Feature: Observabilidad\nScenario: DevOps configura el monitoreo de rendimiento de la aplicación\nGiven el agente de New Relic está instalado en el entorno de producción\nWhen ocurre un cuello de botella en una transacción de la base de datos\nThen se genera una alerta en New Relic y se notifica al equipo de DevOps,13,20
288,Implementar un Service Mesh (ej. Istio) para gestionar microservicios,"Feature: Arquitectura de Microservicios\nScenario: Arquitecto de software implementa un service mesh\nGiven los microservicios están desplegados en un clúster de Kubernetes\nWhen se despliega Istio en el clúster\nThen el tráfico entre servicios es gestionado por el service mesh, permitiendo control de enrutamiento y resiliencia",21,35
289,Entrenar un modelo de Machine Learning para recomendar productos,Feature: Recomendaciones con IA\nScenario: Científico de datos entrena un modelo de recomendación\nGiven tenemos un dataset histórico de compras de usuarios\nWhen se entrena un modelo de filtrado colaborativo\nThen el modelo es capaz de predecir qué productos le gustarían a un usuario,21,40
290,Desplegar un modelo de ML como un servicio (endpoint de API),"Feature: MLOps\nScenario: Ingeniero de MLOps despliega un modelo de recomendación\nGiven un modelo de ML ha sido entrenado y guardado\nWhen se crea un servicio de inferencia con un endpoint de API REST\nThen se pueden obtener recomendaciones realizando una petición POST a ""/api/recommendations""",13,22
291,Sistema de detección de fraude en transacciones con Machine Learning,Feature: Seguridad con IA\nScenario: El sistema detecta una transacción potencialmente fraudulenta\nGiven un modelo de detección de fraude está en producción\nWhen se realiza una transacción con características anómalas\nThen el modelo la marca como sospechosa y la pone en espera para revisión manual,13,25
292,Análisis de sentimiento de las reseñas de productos,"Feature: Procesamiento de Lenguaje Natural (NLP)\nScenario: El sistema analiza el sentimiento de una nueva reseña\nGiven un usuario publica una reseña de un producto\nWhen el sistema procesa el texto de la reseña\nThen la clasifica como ""positiva"", ""negativa"" o ""neutra"" y la almacena",8,14
293,Chatbot de soporte con procesamiento de lenguaje natural (NLP),"Feature: Soporte Automatizado\nScenario: Usuario interactúa con un chatbot para consultar el estado de su pedido\nGiven estoy en la página de soporte y abro el chat\nWhen escribo ""¿dónde está mi pedido?""\nThen el chatbot me pide mi número de pedido y me da el estado actual",13,23
294,Optimización automática de precios de productos (pricing dinámico),Feature: Pricing con IA\nScenario: El sistema ajusta el precio de un producto basado en la demanda\nGiven un producto tiene una alta demanda y bajo stock\nWhen el algoritmo de pricing dinámico se ejecuta\nThen el precio del producto se incrementa ligeramente para maximizar los ingresos,21,32
295,Implementar circuit breaker para prevenir fallos en cascada,"Feature: Resiliencia de Microservicios\nScenario: Un microservicio dependiente falla y el circuit breaker se abre\nGiven el servicio de ""Pagos"" depende del servicio de ""Inventario""\nWhen el servicio de ""Inventario"" deja de responder\nThen el circuit breaker en el servicio de ""Pagos"" se abre y devuelve un error inmediato sin intentar llamar a ""Inventario""",8,15
296,Orquestación de tareas complejas con un motor de workflow (ej. Camunda),"Feature: Orquestación de Procesos de Negocio (BPM)\nScenario: Se ejecuta el workflow de procesamiento de un nuevo pedido\nGiven se recibe un nuevo pedido\nWhen se inicia el proceso de negocio ""Procesar Pedido""\nThen el motor de workflow orquesta las tareas: verificar inventario, procesar pago, y notificar al almacén",21,38
297,Permitir a los usuarios subir archivos a Google Drive a través de la aplicación,Feature: Integración con Almacenamiento en la Nube\nScenario: Usuario sube un documento a su carpeta de Google Drive\nGiven he autenticado mi cuenta de Google con la aplicación\nWhen subo un archivo PDF desde el formulario\nThen el archivo aparece en una carpeta específica dentro de mi Google Drive,13,21
298,Crear eventos en Google Calendar desde la aplicación,"Feature: Integración con Calendario\nScenario: Usuario agenda un recordatorio de mantenimiento de producto\nGiven estoy en la página de un producto que he comprado\nWhen hago clic en ""Agendar recordatorio de mantenimiento"" y elijo una fecha\nThen se crea un evento en mi Google Calendar para esa fecha",8,15
299,Sistema de búsqueda visual de productos (buscar por imagen),Feature: Búsqueda con IA\nScenario: Usuario sube una foto de un producto para encontrar similares\nGiven estoy en la página de búsqueda\nWhen subo una imagen de una silla que me gusta\nThen el sistema me muestra una lista de sillas similares disponibles en la tienda,13,24
300,Segmentación automática de clientes con Machine Learning (clustering),"Feature: Marketing con IA\nScenario: El sistema agrupa a los clientes en segmentos basados en su comportamiento\nGiven tenemos datos de comportamiento de compra de los clientes\nWhen se ejecuta un algoritmo de clustering (ej. K-Means)\nThen los clientes son asignados a segmentos como ""Compradores Frecuentes"", ""Cazadores de Ofertas"", etc.",13,26
301,Implementar Chaos Engineering para probar la resiliencia del sistema,Feature: Pruebas de Resiliencia\nScenario: DevOps inyecta fallos en el entorno de staging para probar la resiliencia\nGiven el sistema está funcionando normalmente en staging\nWhen se utiliza una herramienta de Chaos Engineering para simular la caída de la base de datos\nThen el sistema degrada su funcionalidad de forma controlada en lugar de caerse por completo,21,33
302,Sincronizar eventos del sistema con un Data Warehouse (ej. BigQuery),"Feature: Pipeline de Datos\nScenario: Un nuevo evento de ""producto añadido al carrito"" se envía al Data Warehouse\nGiven un usuario añade un producto a su carrito\nWhen el evento se genera en la aplicación\nThen el evento es enviado a través de un pipeline de datos y se almacena en una tabla en BigQuery",13,21
303,Escalado automático de servicios en base a la carga (autoscaling),"Feature: Infraestructura Elástica\nScenario: El número de instancias de un servicio aumenta durante un pico de tráfico\nGiven el servicio de ""Productos"" está configurado para autoescalado en Kubernetes\nWhen el tráfico al servicio aumenta significativamente (ej. durante el Black Friday)\nThen Kubernetes aumenta automáticamente el número de pods del servicio para manejar la carga",13,20
304,Implementar un Service Discovery para que los microservicios se encuentren,"Feature: Arquitectura de Microservicios\nScenario: El servicio de ""Pedidos"" descubre la ubicación del servicio de ""Usuarios""\nGiven los servicios están desplegados en un entorno dinámico\nWhen el servicio de ""Pedidos"" necesita contactar al servicio de ""Usuarios""\nThen consulta al registro de servicios (ej. Consul, Eureka) para obtener su dirección IP y puerto actual",8,15
305,Generar PDFs dinámicamente con Puppeteer (ej. reportes complejos),"Feature: Generación de Documentos\nScenario: Admin genera un reporte anual de ventas con gráficos en formato PDF\nGiven existen datos de ventas para todo el año\nWhen el admin solicita el ""Reporte Anual""\nThen el backend usa un servicio como Puppeteer para renderizar una página HTML con gráficos y la exporta a PDF",13,24
306,Implementar un sistema de feature flags para habilitar/deshabilitar funcionalidades,"Feature: Entrega Continua\nScenario: Se despliega una nueva funcionalidad detrás de un feature flag\nGiven una nueva funcionalidad de ""chat"" ha sido desplegada pero está desactivada por un feature flag\nWhen un admin activa el flag para un 10% de los usuarios\nThen solo ese 10% de los usuarios ve y puede usar la nueva funcionalidad de chat",8,16
307,Sistema de caché distribuido para sesiones de usuario,Feature: Escalabilidad de Sesiones\nScenario: Usuario mantiene su sesión al ser redirigido a otra instancia del servidor\nGiven la aplicación se ejecuta en múltiples servidores detrás de un balanceador de carga\nWhen inicio sesión en el servidor 1 y mi siguiente petición va al servidor 2\nThen mi sesión sigue activa porque está almacenada en una caché distribuida (ej. Redis),8,14
308,Integración con un sistema de Business Intelligence (BI) (ej. Tableau),Feature: Analíticas de Negocio\nScenario: Analista de negocio conecta Tableau a la base de datos de solo lectura\nGiven existe una réplica de la base de datos para analíticas\nWhen un analista conecta Tableau a esta réplica\nThen puede crear dashboards y visualizaciones con los datos de la tienda sin afectar el rendimiento,8,17
309,Pre-renderizado de páginas para mejorar el SEO (Server-Side Rendering - SSR),"Feature: SEO y Rendimiento\nScenario: El bot de Google rastrea una página de producto renderizada en el servidor\nGiven una página de producto es solicitada por el User-Agent de Googlebot\nWhen el servidor recibe la petición\nThen renderiza el HTML completo de la página en el servidor y lo devuelve, en lugar de una app de JavaScript vacía",13,22
310,Implementar WebSockets para notificaciones en tiempo real en el front-end,Feature: Notificaciones en Tiempo Real\nScenario: Usuario recibe una notificación de nuevo mensaje sin recargar la página\nGiven estoy en mi dashboard y tengo una conexión WebSocket abierta\nWhen recibo un nuevo mensaje de soporte\nThen aparece una notificación en tiempo real en la esquina de la pantalla,8,15
311,Procesamiento asíncrono de tareas pesadas con una cola de mensajes (ej. RabbitMQ),"Feature: Arquitectura Asíncrona\nScenario: Usuario solicita la exportación de su historial completo de datos\nGiven hago clic en ""Exportar todos mis datos""\nWhen la aplicación publica un mensaje en una cola de tareas\nThen recibo una notificación de que la exportación está en proceso y me avisarán cuando esté lista",8,14
312,Permitir el login a través de un proveedor de identidad empresarial (SAML),"Feature: Autenticación Empresarial\nScenario: Un empleado de una empresa cliente inicia sesión usando su identidad corporativa\nGiven la empresa ""ACME Corp"" está configurada como un proveedor de identidad SAML\nWhen un empleado de ACME hace clic en ""Iniciar Sesión con mi Cuenta Empresarial""\nThen es redirigido al portal de su empresa para autenticarse y luego vuelve a la aplicación ya logueado",21,30
313,Crear un CLI (Command-Line Interface) para gestionar la aplicación,"Feature: Herramientas de Desarrollo\nScenario: Un desarrollador utiliza el CLI para crear un nuevo usuario admin\nGiven tengo el CLI de la aplicación instalado\nWhen ejecuto el comando ""app-cli users:create --email=admin@test.com --admin""\nThen se crea un nuevo usuario con permisos de administrador en la base de datos",5,10
314,Segmentar notificaciones push por geolocalización,Feature: Marketing Geosegmentado\nScenario: Se envía una promoción a los usuarios que están cerca de una tienda física\nGiven un usuario ha dado permisos de geolocalización y está en un radio de 1km de una tienda\nWhen se lanza una promoción para esa tienda específica\nThen el usuario recibe una notificación push con la oferta,8,16
315,Validar la accesibilidad de la aplicación según las normas WCAG 2.1 AA,"Feature: Accesibilidad Web\nScenario: Se realiza una auditoría automática de accesibilidad en el pipeline de CI\nGiven un desarrollador sube código con un problema de contraste de color\nWhen el pipeline de CI ejecuta las pruebas\nThen la prueba de accesibilidad falla y reporta el problema de contraste, bloqueando el merge",13,20
316,Implementar un Data Lake para almacenar datos crudos de eventos,Feature: Infraestructura de Datos\nScenario: Todos los eventos de clics de los usuarios se guardan en un Data Lake (ej. S3)\nGiven un usuario hace clic en un botón en la aplicación\nWhen el evento de clic es capturado\nThen el objeto JSON completo del evento se envía y almacena en un bucket de S3,8,17
317,Realizar pruebas de carga con k6 o JMeter para simular 10.000 usuarios concurrentes,"Feature: Pruebas de Rendimiento\nScenario: Ingeniero de QA ejecuta una prueba de carga antes de un evento de ventas\nGiven se ha escrito un script de prueba de carga que simula el flujo de compra\nWhen se ejecuta la prueba con una carga de 10,000 usuarios virtuales\nThen se generan reportes de tiempo de respuesta, tasa de error y rendimiento del servidor bajo carga",13,25
318,Implementar un sistema de diseño (Design System) para consistencia de la UI,Feature: Diseño y Front-end\nScenario: Desarrollador utiliza un componente de botón del sistema de diseño\nGiven existe una librería de componentes de UI compartida\nWhen un desarrollador necesita añadir un botón a una nueva página\nThen importa y utiliza el componente `<DesignSystem.Button>` en lugar de crear un botón con estilos propios,8,13
319,Permitir a los usuarios personalizar su dashboard arrastrando y soltando widgets,"Feature: Personalización de la Interfaz\nScenario: Usuario reorganiza los widgets de su dashboard\nGiven mi dashboard tiene widgets para ""Pedidos Recientes"" y ""Productos Recomendados""\nWhen arrastro el widget de ""Productos Recomendados"" para que aparezca primero\nThen la nueva disposición de los widgets se guarda en mi perfil",8,16
320,Generación de facturas electrónicas según la normativa local (ej. CFDI en México),Feature: Cumplimiento Fiscal\nScenario: Se genera una factura electrónica para una venta en México\nGiven se realiza una venta a un cliente que requiere factura en México\nWhen el pago es confirmado\nThen el sistema se integra con un Proveedor Autorizado de Certificación (PAC) para generar y timbrar el CFDI,13,24
321,Implementar un sistema de gestión de consentimientos de cookies (GDPR),Feature: Cumplimiento y Privacidad\nScenario: Un usuario de la Unión Europea visita el sitio por primera vez\nGiven un usuario accede al sitio desde una IP europea\nWhen la página se carga\nThen se muestra un banner de consentimiento de cookies que le permite aceptar o rechazar las cookies no esenciales,8,12
322,Anonimizar los datos de los usuarios que solicitan su derecho al olvido (GDPR),"Feature: Gestión de Datos de Usuario\nScenario: Un usuario solicita la eliminación de sus datos personales\nGiven un usuario ejerce su derecho al olvido a través de su perfil\nWhen un administrador aprueba la solicitud\nThen los datos personales del usuario (nombre, email, dirección) son anonimizados o eliminados de la base de datos",8,15
323,Sincronizar el catálogo de productos con un marketplace (ej. Amazon),Feature: Ventas Multicanal\nScenario: Se actualiza el stock de un producto y se refleja en Amazon\nGiven un producto está listado tanto en la tienda como en Amazon Seller Central\nWhen el stock del producto cambia en nuestra base de datos\nThen una API actualiza automáticamente el nivel de stock en la lista de Amazon,13,23
324,"Implementar un programa de suscripción a productos (ej. """"Recibe café cada mes"""")","Feature: Modelo de Suscripción\nScenario: Usuario se suscribe para recibir un producto mensualmente\nGiven estoy en la página de un producto de café\nWhen elijo la opción ""Suscribirme y Ahorrar"" con entrega mensual y completo el pago\nThen se crea una suscripción recurrente que generará un pedido automáticamente cada mes",13,21
325,Panel de control para que los usuarios gestionen sus suscripciones,"Feature: Autogestión de Suscripciones\nScenario: Usuario pausa su suscripción mensual de café\nGiven tengo una suscripción activa\nWhen en mi perfil, voy a ""Mis Suscripciones"" y hago clic en ""Pausar""\nThen mi suscripción queda en pausa y no se generarán nuevos pedidos hasta que la reanude",5,10
326,"Implementar una API para un Headless CMS (ej. Strapi,Contentful)",Feature: Arquitectura Headless\nScenario: Un editor de contenido actualiza la página principal desde un CMS externo\nGiven el contenido del sitio se gestiona en un Headless CMS\nWhen un editor cambia el banner principal en el CMS y publica\nThen la aplicación front-end obtiene el nuevo contenido a través de la API del CMS y se actualiza,8,14
327,Búsqueda de texto completo (full-text search) optimizada con Elasticsearch,"Feature: Búsqueda de Alto Rendimiento\nScenario: Usuario realiza una búsqueda compleja con tolerancia a errores tipográficos\nGiven los datos de los productos están indexados en Elasticsearch\nWhen busco ""smarphone azul"" (con un error tipográfico)\nThen Elasticsearch devuelve resultados relevantes para ""smartphone azul"" gracias a su análisis de texto",13,22
328,Implementar un sistema de caché en el borde (Edge Caching) con un CDN,"Feature: Rendimiento Global\nScenario: Múltiples usuarios de la misma región solicitan la misma página\nGiven la página principal ha sido solicitada por un usuario en Londres\nWhen un segundo usuario en Londres solicita la misma página un minuto después\nThen la página se sirve directamente desde el caché del nodo del CDN en Londres, sin llegar al servidor de origen",8,16
329,Permitir la personalización de productos (ej. grabar un nombre en un objeto),"Feature: Productos Personalizables\nScenario: Usuario personaliza un producto antes de añadirlo al carrito\nGiven estoy en la página de una taza personalizable\nWhen ingreso el texto ""Mi Taza"" en el campo de personalización\nThen el precio se actualiza para incluir el costo de la personalización y la añado al carrito",8,13
330,Generar pruebas unitarias y de integración automáticamente con IA (ej. copiloto),Feature: Asistencia de IA para el Desarrollo\nScenario: Desarrollador usa una herramienta de IA para generar pruebas para una nueva función\nGiven he escrito una nueva función para calcular los costos de envío\nWhen uso una herramienta de IA (como GitHub Copilot) para generar las pruebas unitarias\nThen la herramienta genera un conjunto de casos de prueba relevantes que puedo revisar y guardar,5,8
331,Análisis predictivo de la probabilidad de abandono de un cliente (churn prediction),"Feature: Retención Predictiva\nScenario: El sistema identifica a un cliente con alto riesgo de abandono\nGiven un modelo de predicción de churn analiza el comportamiento de los usuarios\nWhen un cliente muestra patrones de bajo engagement (pocas visitas, no ha comprado en mucho tiempo)\nThen el modelo lo marca con una alta probabilidad de churn y se puede activar una campaña de retención",13,25
332,Crear una Progressive Web App (PWA) para funcionalidad offline,Feature: Experiencia Móvil Mejorada\nScenario: Usuario añade la aplicación a su pantalla de inicio y la usa sin conexión\nGiven he visitado la tienda en mi navegador móvil y he aceptado añadirla a la pantalla de inicio\nWhen abro la PWA sin conexión a internet\nThen puedo navegar por los productos que he visto anteriormente gracias al service worker,8,16
333,Implementar un registro de auditoría inmutable usando blockchain,"Feature: Auditoría y Cumplimiento\nScenario: Se registra un cambio crítico en un log de auditoría basado en blockchain\nGiven un superadmin cambia los permisos de un rol de usuario\nWhen la acción se completa\nThen un registro de la acción se escribe en una cadena de blockchain privada, asegurando que no pueda ser modificado",21,36
334,Autocompletado de direcciones usando la API de Google Places,"Feature: Usabilidad en el Checkout\nScenario: Usuario empieza a escribir su dirección en el checkout\nGiven estoy en el campo de dirección del formulario de envío\nWhen empiezo a escribir ""1600 Amphitheatre Parkway""\nThen la API de Google Places me sugiere la dirección completa y la puedo autocompletar con un clic",5,10
335,Permitir a los usuarios iniciar sesión usando credenciales biométricas del dispositivo (WebAuthn),"Feature: Autenticación sin Contraseña\nScenario: Usuario se registra para iniciar sesión con su huella dactilar\nGiven estoy en un dispositivo compatible con WebAuthn\nWhen en mi perfil de seguridad, elijo registrar mi huella dactilar\nThen en futuros inicios de sesión, puedo autenticarme usando el lector de huellas de mi dispositivo",13,21
336,Sistema de alertas de monitoreo predictivo,"Feature: Monitoreo Proactivo\nScenario: El sistema predice un posible fallo del servidor antes de que ocurra\nGiven un modelo de ML analiza las métricas de rendimiento del servidor (CPU, memoria)\nWhen detecta una tendencia anómala que históricamente precede a una caída\nThen genera una alerta de ""posible fallo inminente"" para que el equipo de DevOps pueda actuar proactivamente",13,23